person_name,user_name,email,personal_number,birth_date,address,phone,mac_address,ip_address,iban,accessed_at,session_duration,download_speed,upload_speed,consumed_traffic,unique_id
Horacio Alma Muñoz Hidalgo,horacioalmamuñozhidalgo,horacioalmamuñozhidalgo@hotmail.com,78381693262,2016-04-26,"Viaducto Norte Anguiano 371 Edif. 567 , Depto. 314, Vieja Albania, CHIH 02971-7764",872-584-0952,66:f6:40:4e:10:b0,72.12.39.134,GB59ADXZ6094872404011,2025-06-18 17:29:13,31507,743,331,1184597,4fde651b-a76b-4e4e-87ce-38a35c9f8e1c
Julia Carranza,juliacarranza,juliacarranza@yahoo.com,24141441048,1968-07-10,"Boulevard Guerrero 750 Edif. 823 , Depto. 585, San Antonio los altos, NL 07639",052.764.0346x578,be:5d:49:14:70:8f,67.150.56.184,GB06HDVZ9034507111616,2025-06-18 17:29:13,16442,639,180,1308766,5404a2a2-14b4-4ae3-b43f-de35822c95bc
Evelio Tejeda,eveliotejeda,eveliotejeda@hotmail.com,33202962982,1948-08-04,"Avenida Cantú 164 Interior 578, San Rosario de la Montaña, GRO 24774-6874",+91(3)8373330599,80:20:bc:77:14:62,190.209.11.77,GB19QWTH4929047637471,2025-06-18 17:29:13,3880,74,497,1920806,6aede220-de9d-4f76-b10e-d0729733b874
Marcos Graciela Sauceda,marcosgracielasauceda,marcosgracielasauceda@gmail.com,43343760070,2012-04-14,"Pasaje Sur Granados 674 987, San Zeferino de la Montaña, BC 05396-2731",065.287.6529x1630,70:52:fc:58:19:24,95.249.42.103,GB92CHNO3735262589859,2025-06-18 17:29:13,23668,496,134,1960407,be84aa0a-853a-47c6-9360-e9dc6171831d
Julio César Clara Saiz Ortega,juliocésarclarasaizortega,juliocésarclarasaizortega@yahoo.com,42444670576,1941-11-02,"Calle Sur Acosta 173 Interior 321, San Esmeralda los bajos, TAMPS 00258",(753)150-7413,48:93:86:84:ab:09,22.197.220.58,GB47JXAS0377266994852,2025-06-18 17:29:13,918,192,162,1535818,99890e5b-1a92-4012-8133-0eb7ca4e2a28
Citlali Pizarro,citlalipizarro,citlalipizarro@hotmail.com,5541451646,1917-05-05,"Boulevard Granada 004 Edif. 251 , Depto. 877, Nueva Albania, DF 96834",171-754-6406x1382,90:00:a5:56:5a:9f,151.84.34.106,GB91IKQD2865465320365,2025-06-18 17:29:13,27154,200,111,1898891,7bb22e16-13e9-49c1-81c6-c5b5dd1666b0
Marcos José Emilio Sánchez Cortés,marcosjoséemiliosánchezcortés,marcosjoséemiliosánchezcortés@yahoo.com,91731167838,1970-05-15,"Circunvalación Briones 340 Interior 956, Nueva Bulgaria, YUC 65097",038.135.3753,1a:a7:72:82:78:a3,198.3.7.199,GB35MNPV0162260509583,2025-06-18 17:29:13,2702,940,98,288241,5b5b7bcb-51e0-4912-b363-a17aaf933fa9
Dulce Santacruz,dulcesantacruz,dulcesantacruz@yahoo.com,93240403241,2014-05-27,"Andador Sur Arevalo 414 987, San Elena de la Montaña, SON 21294",841.831.2454x23764,4c:8a:0d:c1:a6:d3,213.17.224.30,GB65KFVU0882002881455,2025-06-18 17:29:13,740,920,578,1266068,4a1d2ab5-0b73-4e8c-bbc1-3716c725e6a2
Paulina Tafoya Mercado,paulinatafoyamercado,paulinatafoyamercado@hotmail.com,66165427825,2006-02-02,"Callejón Barragán 853 445, Nueva Guinea Ecuatorial, OAX 27162-2665",(919)479-3440,d6:ea:30:d3:24:83,158.123.7.159,GB92FRGB2383864241934,2025-06-18 17:29:13,21967,641,346,98183,3b358ee2-c427-4ba6-988e-c5b6948f2807
Oswaldo Vanesa Orosco Sanches,oswaldovanesaoroscosanches,oswaldovanesaoroscosanches@yahoo.com,46590915032,1920-11-29,"Avenida Sur Quintana 985 Interior 825, San Jacobo de la Montaña, COAH 47697",992-692-2566x297,86:63:03:48:f6:5e,220.246.198.240,GB22JCRH1248409676554,2025-06-18 17:29:13,11417,332,315,1978935,c810651b-d598-4b60-a50e-a09f1342971d
Fernando Carmona Ledesma,fernandocarmonaledesma,fernandocarmonaledesma@hotmail.com,50978093487,1920-09-01,"Boulevard República de Moldova 512 Edif. 538 , Depto. 525, Nueva Nicaragua, YUC 52739-1084",652-802-6997x01463,cc:a1:c8:05:c7:52,218.197.148.219,GB80CNVR0566370119159,2025-06-18 17:29:13,22865,128,426,1618549,4f6e1e89-e5a5-4378-8fed-51d69022374b
Mtro. Rodrigo Ferrer,mtro.rodrigoferrer,mtro.rodrigoferrer@hotmail.com,54572208319,2000-03-06,"Avenida Veracruz de Ignacio de la Llave 052 041, Vieja Malawi, BC 85690",+25(6)7657008064,bc:c8:3d:a5:82:86,13.238.188.171,GB47MWWR8935382769309,2025-06-18 17:29:13,218,780,319,992013,39bf75ad-1c76-4f5d-8bff-7e23f88fea99
Ing. Abraham Noriega,ing.abrahamnoriega,ing.abrahamnoriega@gmail.com,97995673338,1986-11-23,"Calle Congo 132 Edif. 647 , Depto. 901, San Leonardo de la Montaña, MEX 98375",216-862-0752x477,ba:82:68:45:8c:a8,133.207.191.220,GB23GAUN5821614148276,2025-06-18 17:29:13,31670,33,219,1450040,fe6d18bb-a646-4812-9d12-8eb5c01a9480
Dalia Collado,daliacollado,daliacollado@yahoo.com,48863140793,1926-03-19,"Calzada Sur Bravo 524 Interior 050, San Alonso de la Montaña, QRO 89758-0143",1-474-084-6607x7375,9a:b0:ea:56:dd:43,206.128.173.152,GB67SQQA3395160072524,2025-06-18 17:29:13,8728,728,23,375060,8db15f62-073b-4dd2-8f34-93cff2f9aab8
Jaqueline José Manuél Ojeda,jaquelinejosémanuélojeda,jaquelinejosémanuélojeda@hotmail.com,10237438808,1994-03-29,"Cerrada Sur Ortiz 491 Edif. 289 , Depto. 633, San Trinidad de la Montaña, TAB 65997-7409",948.461.3995,7e:d3:52:ad:9b:5e,29.215.171.147,GB14PCQB5162519961859,2025-06-18 17:29:13,3056,960,494,1599507,87bba3ed-a4e0-4979-b825-1a0e15b442f0
Emiliano Valdés Hernández,emilianovaldéshernández,emilianovaldéshernández@hotmail.com,55278560382,1930-07-13,"Viaducto Congo 498 771, Nueva Andorra, NAY 64982-5348",318-968-9503,4a:dc:9e:76:bd:05,105.199.180.91,GB09GMKI2442224205337,2025-06-18 17:29:13,25033,132,489,130362,cf3c0596-6366-4753-9582-2e9f62ebc83a
Violeta Quezada,violetaquezada,violetaquezada@hotmail.com,38029154044,1963-04-19,"Privada Francia 358 Interior 488, San Jacobo los bajos, COAH 44177-0687",+33(1)3415681251,ba:ed:d7:ef:0c:b1,30.98.212.14,GB78BAKN1799246665724,2025-06-18 17:29:13,19438,983,597,1352075,3793ef7b-b2b8-4df9-8a96-17746f0a502a
Aurora Horacio Noriega Ríos,aurorahoracionoriegaríos,aurorahoracionoriegaríos@yahoo.com,4360221214,1983-01-19,"Calle Varela 863 Edif. 927 , Depto. 564, San Lucas los bajos, DF 66937",1-117-300-2668x54559,d6:9e:d6:28:96:70,1.134.103.151,GB29QYMS1864103392706,2025-06-18 17:29:13,16486,140,684,1475616,170fa5bd-ec82-4422-9294-b0855383a6c9
Dr. Víctor Orozco,dr.víctororozco,dr.víctororozco@gmail.com,14115658503,2025-02-28,"Corredor Norte Sanabria 072 Interior 849, San Ofelia los bajos, SLP 98675-9787",(995)058-7978x295,da:0a:7c:3e:0d:be,177.83.21.194,GB41HDNE4335040480849,2025-06-18 17:29:13,1156,783,233,1046446,dde8fdd9-cc7c-4218-b7aa-c09be9cfb489
Mtro. Paola Garrido,mtro.paolagarrido,mtro.paolagarrido@gmail.com,84579090352,1939-03-06,"Avenida Durango 857 Edif. 772 , Depto. 554, Nueva Georgia, HGO 43020-5573",663.161.5930,28:14:65:a7:48:39,154.22.109.244,GB36HXLX3385734958079,2025-06-18 17:29:13,12452,537,643,1369184,b95643af-eb10-4339-90a3-8b6cccd8c016
Inés Arredondo Coronado,inésarredondocoronado,inésarredondocoronado@gmail.com,48833104549,1926-03-24,"Viaducto Norte Cortez 731 607, San Genaro los bajos, CAMP 56193-0461",260.700.5710,d8:e9:53:b4:7b:eb,176.226.164.33,GB42XBPX3094462349846,2025-06-18 17:29:13,35818,623,441,1125939,3b77e5b3-73bb-4f9a-ab01-98640618e662
Cristian Juan Peralta,cristianjuanperalta,cristianjuanperalta@hotmail.com,55951220056,1940-07-02,"Circunvalación Maestas 954 Interior 878, Nueva Uruguay, OAX 52068-8216",1-380-652-1980x567,64:1f:08:34:b8:9f,84.58.244.103,GB57KKAX6816493227013,2025-06-18 17:29:13,20631,228,649,1118140,bac4f1b2-2f4b-4beb-bcce-97eeac382fd3
Vicente Hernádez Quintero,vicentehernádezquintero,vicentehernádezquintero@hotmail.com,28492174421,1952-01-09,"Peatonal Emiratos Árabes Unidos 788 035, Vieja Antigua y Barbuda, MEX 40426-1163",(968)649-5054x40624,d4:fd:94:e6:2b:b7,85.71.21.84,GB56MKSX2253345847530,2025-06-18 17:29:13,31106,292,672,448272,da52a20f-e097-4bc8-a917-fc7903471953
Cristina Carrasco Guerrero,cristinacarrascoguerrero,cristinacarrascoguerrero@yahoo.com,90385177960,1947-08-01,"Eje vial Norte Miramontes 769 176, Vieja Liberia, OAX 57321-7966",951.942.7555x365,14:83:ec:fe:2e:59,17.209.118.118,GB76WIXQ2852805423939,2025-06-18 17:29:13,7923,818,390,404475,ea37c211-2aa2-41aa-8b37-b7d9f0edb5f6
Miguel Ángel Jimínez,miguelángeljimínez,miguelángeljimínez@yahoo.com,26305151016,1976-09-06,"Circuito Sur Ulibarri 090 548, Nueva Montenegro, SIN 31167-6357",735-410-3313x64736,10:77:ec:78:15:9a,186.12.213.133,GB07YBFR5232535811097,2025-06-18 17:29:13,14406,161,172,1376484,070db0c6-01fd-457f-ad52-bc58b9b0c2b4
Alvaro María Elena Tejada Trujillo,alvaromaríaelenatejadatrujillo,alvaromaríaelenatejadatrujillo@hotmail.com,22028945636,1964-12-16,"Circuito Sur Feliciano 722 Interior 702, Nueva Bélgica, GTO 64898",01466809251,fa:68:0b:ec:15:e8,153.36.209.236,GB18XUVY6445116141762,2025-06-18 17:29:13,3632,285,692,948192,eb1a5b37-4f40-4837-9d02-ade8fa7b0c16
Sonia Abril Garrido,soniaabrilgarrido,soniaabrilgarrido@hotmail.com,60481785412,1970-10-22,"Cerrada Distrito Federal 376 814, Nueva Eslovenia, Q. ROO 53457-2849",(545)916-4702x84969,8e:63:13:ab:90:8b,143.77.188.12,GB89EGMK8589935256659,2025-06-18 17:29:13,22966,734,631,422772,5ce5e915-4af7-4a58-bf07-caa469c111a2
Ing. Soledad Negrón,ing.soledadnegrón,ing.soledadnegrón@yahoo.com,8684389284,1999-03-07,"Callejón Bolivia 286 Edif. 676 , Depto. 982, San Leonel de la Montaña, TAB 17138-1028",250-954-9112,84:f2:5c:28:42:58,153.108.155.22,GB06QSXJ2790567694587,2025-06-18 17:29:13,15188,387,662,662029,c92059ec-9ec5-4a0d-8796-b8a118873ef9
Sr(a). Marcela Holguín,sr(a).marcelaholguín,sr(a).marcelaholguín@gmail.com,78156401982,2021-08-10,"Diagonal Sur Rivera 864 852, San Emilia los bajos, NAY 47987",+18(4)9116738231,b0:c8:f0:a8:59:aa,188.167.252.194,GB54OGXZ4261668493113,2025-06-18 17:29:13,6957,25,338,1846953,0884ba5b-542b-4478-9f8e-40392f6e1243
Lic. Luis Manuel Fuentes,lic.luismanuelfuentes,lic.luismanuelfuentes@gmail.com,61351065273,2013-05-10,"Cerrada Noruega 003 Edif. 311 , Depto. 652, San Rosario los altos, TLAX 26778",03070164499,02:93:1d:a7:28:d7,55.226.50.96,GB45JVJY3647273426909,2025-06-18 17:29:13,20037,704,754,828756,485de42e-7122-44bd-b2d5-b689b8642661
Clara Zepeda Aranda,clarazepedaaranda,clarazepedaaranda@yahoo.com,83462044633,2012-12-07,"Boulevard Espinosa 696 Edif. 842 , Depto. 649, Nueva Palau, MICH 34164-0791",00914820240,26:d0:95:6a:5a:2e,198.85.255.31,GB18QHKM1756738653021,2025-06-18 17:29:13,17505,142,307,1185850,8c30da90-5750-4d95-a515-331da15aa25c
Socorro Robles Romero,socorroroblesromero,socorroroblesromero@hotmail.com,18230767834,1959-06-17,"Circuito Palau 642 505, Nueva Botswana, GTO 68973",423.422.2867x6341,ee:a3:93:3a:36:b7,35.110.183.87,GB74NPMB2790443001613,2025-06-18 17:29:13,11010,184,115,1664154,7c01f3d0-86f6-4841-8484-8e73629ce01f
Mtro. Laura Salcido,mtro.laurasalcido,mtro.laurasalcido@yahoo.com,9638399262,1989-02-10,"Peatonal Senegal 273 Edif. 331 , Depto. 257, San Gustavo los altos, MOR 20011-9318",03926797753,a2:d3:47:35:00:c8,70.237.72.25,GB68ZXZW6120472288957,2025-06-18 17:29:13,3180,229,281,1291636,67d41a5e-32b8-4190-9c40-3e5b03662850
Luis Miguel Vicente Montaño Becerra,luismiguelvicentemontañobecerra,luismiguelvicentemontañobecerra@yahoo.com,82995205653,1970-07-25,"Ampliación Garrido 607 602, San Esther los bajos, JAL 91342-8253",1-541-991-1178,a2:74:b6:40:f9:9d,155.98.180.77,GB30ZSSW1902966213125,2025-06-18 17:29:13,34820,939,253,964615,cbd348ac-25fc-4bcc-adb3-85f0d771178f
Guillermo Hidalgo Monroy,guillermohidalgomonroy,guillermohidalgomonroy@gmail.com,44169264346,2007-09-11,"Cerrada Distrito Federal 963 Edif. 433 , Depto. 021, San Nancy de la Montaña, TAB 12837",+18(7)6982809315,32:39:12:7e:ed:8d,142.57.37.213,GB63YJMA3123473567758,2025-06-18 17:29:13,17158,913,533,1317533,a6051050-daa0-4230-ae71-f063f921230b
Gabriela Sisneros,gabrielasisneros,gabrielasisneros@gmail.com,6156257955,1990-06-14,"Peatonal Tabasco 585 Edif. 740 , Depto. 177, Vieja Antigua y Barbuda, BCS 40802-0243",08652276866,52:b0:e0:96:e3:8f,109.117.138.179,GB78VRHU0424887909260,2025-06-18 17:29:13,35339,467,233,714159,12412507-ef4d-4c05-8bba-e9bb0122e61b
José Manuél Sauceda Olvera,josémanuélsaucedaolvera,josémanuélsaucedaolvera@hotmail.com,73807372278,1921-05-10,"Viaducto Santa Lucía 252 324, San Isabela de la Montaña, GTO 74431",780.619.4860x48745,8a:e6:20:b9:ff:9b,73.89.81.198,GB93QYGF2049137592488,2025-06-18 17:29:13,21741,908,497,1840885,b43ca0fa-bbdd-4b90-a6db-9d9c0f9be864
Alberto Olivas Colunga,albertoolivascolunga,albertoolivascolunga@yahoo.com,43367885498,1926-02-23,"Avenida Filipinas 309 Interior 080, San Eric los altos, NL 41337",625.230.0188,04:3d:b3:f4:24:1e,177.241.135.201,GB43PPAU2351144283120,2025-06-18 17:29:13,7539,821,79,61310,0102f552-f5df-46b4-aada-984632a582bc
Itzel Baeza,itzelbaeza,itzelbaeza@gmail.com,75935998064,2018-10-10,"Cerrada Nuevo León 055 386, San Aurelio de la Montaña, BC 76690",026-787-8853x7437,b2:a5:e5:e0:01:4c,107.107.51.46,GB68SLKC6091092545999,2025-06-18 17:29:13,12610,201,497,13606,0fdfa066-65fb-44ee-abbe-3bf8d6b007bc
Sr(a). Graciela Saiz,sr(a).gracielasaiz,sr(a).gracielasaiz@hotmail.com,90718964118,1975-10-23,"Peatonal Navarro 438 003, Nueva Kiribati, MOR 73300",05339671131,3a:12:89:35:4c:56,115.235.201.203,GB30JYKA0837457627368,2025-06-18 17:29:13,1017,788,180,740038,1898490d-d220-42b6-8e0d-63d4650d04e3
Humberto Balderas Tello,humbertobalderastello,humbertobalderastello@gmail.com,59408287460,1962-08-17,"Privada Avilés 299 Interior 260, Vieja Yemen, QRO 15038",+11(5)9295678329,a2:ae:48:f2:78:d5,8.84.32.113,GB79AYGP9393592605003,2025-06-18 17:29:13,27725,695,91,807473,366fca22-7955-45bd-9632-568ef74790e5
Itzel Serrano,itzelserrano,itzelserrano@yahoo.com,15848671580,1977-09-02,"Calle Norte Irizarry 857 Edif. 390 , Depto. 531, San María Luisa los altos, MICH 59145",+51(9)8977070249,9e:c2:3e:90:f4:a7,51.79.216.12,GB19KKMA5904569785981,2025-06-18 17:29:13,10720,89,82,869532,1b08483b-c416-4558-83fb-e4a4645e8e5b
Ing. Mauro Holguín,ing.mauroholguín,ing.mauroholguín@gmail.com,14430201179,1989-02-25,"Ampliación Candelaria 858 Edif. 690 , Depto. 833, San Vicente los altos, MOR 34246-4670",1-075-907-4827x0962,8a:9a:d7:ad:d8:63,222.67.96.171,GB74RLEI9406343931001,2025-06-18 17:29:13,8618,890,320,738632,87a0b58e-198f-494d-8cfa-8b4c776e80dc
Ilse Darío Solorio,ilsedaríosolorio,ilsedaríosolorio@yahoo.com,3383242181,1975-04-27,"Cerrada Saint Kitts y Nevis 863 Interior 272, Vieja Israel, TLAX 37322",936-848-5302,3c:fa:f1:43:4d:f1,79.100.188.23,GB54GSHD6595314542676,2025-06-18 17:29:13,6943,174,762,965242,d9986e24-e329-49e2-832c-93cea302b855
Alma Hermelinda Moya Orosco,almahermelindamoyaorosco,almahermelindamoyaorosco@yahoo.com,96817449380,2003-09-17,"Calzada Norte Leiva 413 698, Nueva Emiratos Árabes Unidos, YUC 71517",(637)768-0563x784,68:fb:76:da:6f:c2,23.221.43.152,GB54GXIZ5191819303836,2025-06-18 17:29:13,19519,317,534,58013,29b53b09-aa68-4538-a302-df7c993402f9
Dr. Andrea Riojas,dr.andreariojas,dr.andreariojas@hotmail.com,72435267702,1949-08-14,"Continuación Nuevo León 178 674, San Gabino los altos, QRO 13973",(892)838-2866,f6:23:53:9c:71:b4,12.250.247.111,GB24DHTQ0957406133086,2025-06-18 17:29:13,35510,359,717,390745,fb3d19fb-bb71-4b54-bc39-65f9f79d2f1f
Ramiro Paredes Bustamante,ramiroparedesbustamante,ramiroparedesbustamante@hotmail.com,25321398650,1914-06-01,"Boulevard Sur Lebrón 912 Edif. 422 , Depto. 276, Vieja Gambia, COL 65770-2090",1-617-140-3540x6876,1a:bb:18:f2:7c:da,13.86.169.119,GB95HQOP0289541825146,2025-06-18 17:29:13,22970,452,243,1285225,288a6d2c-ab7a-4d13-a32b-f0fb5304591e
Dulce Preciado,dulcepreciado,dulcepreciado@hotmail.com,24130339450,1921-09-05,"Ampliación Norte Muro 858 367, San Camilo los bajos, GTO 23600-2291",492.970.8276x904,14:05:8a:7d:34:62,51.227.69.233,GB24QKCH6242002210570,2025-06-18 17:29:13,15294,696,445,381111,e0aa03b0-982f-4a79-b228-b52724dfbb9b
Gregorio Dulce Salas Sarabia,gregoriodulcesalassarabia,gregoriodulcesalassarabia@hotmail.com,32349943368,1932-04-03,"Periférico Salinas 470 Edif. 665 , Depto. 083, Vieja Islas Salomón, SIN 00571-8170",637-357-6113,60:27:65:39:3e:5c,187.150.242.34,GB75CTTL3210187035022,2025-06-18 17:29:13,18638,36,18,1301178,75cd4848-8d02-469c-879b-fcc8998195da
Dolores Saiz,doloressaiz,doloressaiz@hotmail.com,50823810648,1919-07-03,"Corredor Cano 565 Interior 202, San Rubén los bajos, VER 27893",541-741-9624x038,a2:78:03:75:7b:9f,120.55.103.153,GB53HBDB7765892895838,2025-06-18 17:29:13,12902,808,737,1584603,40cbd5a7-87d7-4071-bc46-271f1450ee3e
Ivonne Margarita Rubio,ivonnemargaritarubio,ivonnemargaritarubio@hotmail.com,49669886324,2000-06-19,"Retorno Zarate 021 Interior 408, San Gabriela los bajos, COL 53776",106.798.2234,a4:1b:93:c1:27:89,115.128.204.26,GB85GCEC8111082771233,2025-06-18 17:29:13,1980,798,617,671125,e9599d04-d504-4bd3-97ac-1fe0329fdb52
Dr. Nayeli Crespo,dr.nayelicrespo,dr.nayelicrespo@gmail.com,17300201146,1983-08-29,"Pasaje Sonora 284 Edif. 943 , Depto. 669, San Abelardo los bajos, MICH 31685",(240)364-6500,30:2b:b1:bf:aa:d0,13.167.130.239,GB44JPNT7491314254022,2025-06-18 17:29:13,8046,971,712,1165166,4115d57d-a787-4bb5-a2a5-9a25256c7c15
Manuel Saldaña,manuelsaldaña,manuelsaldaña@hotmail.com,5361482788,1924-12-02,"Retorno Lesotho 635 Edif. 221 , Depto. 247, Nueva India, Q. ROO 92008-1667",851-887-5398x1321,00:97:ca:8c:38:d5,56.137.93.139,GB95KEXX8044394256768,2025-06-18 17:29:13,17156,91,69,217053,02c04bbe-776c-4193-97c8-53d10e155722
Mtro. Nicolás Briones,mtro.nicolásbriones,mtro.nicolásbriones@yahoo.com,30580540562,1942-02-04,"Circuito Orta 476 804, Nueva Serbia, GRO 64001",05979810025,c4:3b:7b:be:80:d9,61.103.145.215,GB43BBCU0059996522636,2025-06-18 17:29:13,2762,993,607,1002697,d0c4c978-c1ad-4707-929e-e4038c264eda
Dr. Rosa Canales,dr.rosacanales,dr.rosacanales@yahoo.com,34229486351,1944-06-12,"Ampliación Australia 655 Edif. 839 , Depto. 629, San Víctor los bajos, QRO 04095",267.293.7277x310,0e:4d:07:eb:54:4f,215.168.88.163,GB92FPKH1156010378587,2025-06-18 17:29:13,11809,848,375,616665,e1ad4844-2d01-47da-812b-5138f09c0457
Esteban Lucio Serna,estebanlucioserna,estebanlucioserna@yahoo.com,38501257018,2001-04-15,"Retorno Longoria 696 498, Vieja Líbano, CAMP 50320-7369",00020898316,02:5b:37:b4:c2:0a,147.254.178.35,GB20DZTY0619967948931,2025-06-18 17:29:13,7062,223,36,1589333,6a2fc687-55a8-43f8-ac1c-862c3f37ed97
Roberto Marcos Castañeda,robertomarcoscastañeda,robertomarcoscastañeda@hotmail.com,37968602047,1921-03-12,"Ampliación Baja California Sur 424 Edif. 935 , Depto. 369, San Elisa los bajos, AGS 91029-5092",077-613-3569,7c:67:04:56:e8:75,91.19.63.193,GB51JHWP8310624964442,2025-06-18 17:29:13,1318,307,357,991372,81563e60-302c-4a94-ba73-96d527247ea4
Sr(a). Susana Ordóñez,sr(a).susanaordóñez,sr(a).susanaordóñez@gmail.com,26876212734,1929-01-25,"Ampliación Sonora 300 Edif. 317 , Depto. 476, Nueva Cuba, TAMPS 49733",371.262.5362,02:69:75:5b:ff:61,25.27.4.169,GB70QLEB8475440458740,2025-06-18 17:29:13,25352,56,773,182377,3fb396e3-ca08-4031-b9fc-c314989bb5ac
Martín Sessa Rosas,martínsessarosas,martínsessarosas@gmail.com,18514454158,1939-08-28,"Avenida Baja California 572 Interior 741, San Marisol los bajos, HGO 58295",111.183.1118x1162,f4:b2:62:9c:a3:45,102.242.64.75,GB41GIJQ8483289168506,2025-06-18 17:29:13,35532,330,92,1027583,b0bf112e-b378-4a90-b69a-d0c8453a98e6
Sr(a). Esparta Benavídez,sr(a).espartabenavídez,sr(a).espartabenavídez@hotmail.com,72056080251,1921-07-09,"Peatonal Aguascalientes 868 043, Vieja Camboya, MOR 03097-2135",1-192-535-3253x34835,40:e8:07:87:b5:ec,51.224.92.11,GB20MKNX2793672604710,2025-06-18 17:29:13,6248,936,398,691034,40364c53-06d0-4dfc-919d-f8257abe2ff4
Dalia Mario Pabón Griego,daliamariopabóngriego,daliamariopabóngriego@yahoo.com,53314674978,2017-06-25,"Privada Norte Feliciano 218 Edif. 562 , Depto. 610, Nueva Estonia, MICH 81164-4422",352.070.7769x28992,c2:0b:f7:44:5a:00,138.180.228.44,GB79TCLW0197235699248,2025-06-18 17:29:13,26302,620,309,1286359,2a58b5cf-6108-4ce7-b0d7-7ec360fff34f
Arcelia Nelly Dávila Sanabria,arcelianellydávilasanabria,arcelianellydávilasanabria@hotmail.com,86731428792,1915-08-13,"Periférico Norte Barragán 173 Interior 307, Vieja República Centroafricana, BC 75741",1-035-670-5024,be:48:52:bc:a9:03,118.231.16.121,GB93YYRZ5813366747428,2025-06-18 17:29:13,35539,70,546,1722270,6f22a06e-f1c2-46d2-8acb-86a116d7d9f9
Mitzy Leonel Murillo Sauceda,mitzyleonelmurillosauceda,mitzyleonelmurillosauceda@gmail.com,29239082935,1965-06-17,"Callejón República Unida de Tanzanía 223 Interior 067, San Alfonso de la Montaña, TAB 84877-2268",1-142-267-4310x265,8e:81:14:9b:73:b7,86.163.78.21,GB25DGPM9000882610907,2025-06-18 17:29:13,14795,537,568,1067284,cee11172-27ac-4097-93db-d19082edc02c
Armando Aurelio Aguilera,armandoaurelioaguilera,armandoaurelioaguilera@hotmail.com,8785888531,1963-10-22,"Ampliación Colombia 563 Edif. 043 , Depto. 795, Nueva Sierra Leona, SLP 66326-7967",(174)020-2845x130,0a:a0:99:9f:71:a8,147.107.25.207,GB37OURH1161107343635,2025-06-18 17:29:13,24045,195,726,844339,6822516a-16e7-45c2-8412-9b2aed0cdbac
Carla Escalante,carlaescalante,carlaescalante@yahoo.com,42895729749,2022-06-08,"Corredor Norte Ayala 357 Interior 676, San Rocío los altos, TAB 22927-3995",(949)104-3842x892,12:26:91:fb:16:7c,5.217.174.240,GB09RIGX2081874797307,2025-06-18 17:29:13,31670,622,503,308217,695e1902-eac9-41bf-a93e-b6f78e8ae897
Frida Mateo,fridamateo,fridamateo@hotmail.com,40373012687,2015-06-17,"Avenida Garza 620 Interior 136, San Tomás los altos, TAMPS 73758",536-406-7516x10294,d6:d7:50:fe:62:4c,142.31.120.140,GB59WLUJ0592234315256,2025-06-18 17:29:13,4631,41,143,313016,d03934bb-f95c-4d93-a628-c4ae3d8f9355
Mtro. Fidel Pedroza,mtro.fidelpedroza,mtro.fidelpedroza@yahoo.com,53407780856,1958-05-14,"Diagonal Rosas 788 848, Nueva Senegal, Q. ROO 52068-8896",(247)217-4407,62:45:cf:80:a0:ec,87.91.101.98,GB39MOOX5306229341831,2025-06-18 17:29:13,29799,473,287,1157240,5d87dd1c-8a62-4840-add4-484509c2369c
Ricardo Estela Meraz,ricardoestelameraz,ricardoestelameraz@yahoo.com,75419388303,1941-09-10,"Peatonal Paz 530 Interior 926, San Renato los altos, QRO 91900-0598",758-404-5172x368,7a:fd:71:2e:1b:1c,218.250.91.45,GB51ZGXH3615929884430,2025-06-18 17:29:13,12046,597,74,907805,87866fef-52da-4110-b575-5d70ea66d94a
Mtro. Isabel Zepeda,mtro.isabelzepeda,mtro.isabelzepeda@hotmail.com,61281839110,2005-06-30,"Ampliación Tamaulipas 345 790, San Cynthia los altos, ZAC 31365-6310",269-105-9485x286,fa:ed:f8:9d:e0:cd,79.12.52.136,GB83RCLL1717879080220,2025-06-18 17:29:13,24038,797,82,1615315,4c2f29ef-5dac-45ea-8d01-b75f528d7c30
Diana María Luisa Santillán,dianamaríaluisasantillán,dianamaríaluisasantillán@yahoo.com,77760879872,1914-11-17,"Circunvalación Turquía 745 Edif. 627 , Depto. 750, Vieja Andorra, QRO 24716-5713",(756)294-6152,98:92:15:48:65:85,153.63.248.21,GB14OSLV7166932111726,2025-06-18 17:29:13,18776,980,565,1161029,7ac49d2d-010d-4895-8d4e-9fa7e7f28d65
Sonia Roberto Urías Cuellar,soniarobertouríascuellar,soniarobertouríascuellar@yahoo.com,79446546941,1998-04-30,"Ampliación Norte Cantú 873 753, Nueva Uganda, MICH 26523",068.440.4577,66:c8:16:a9:66:82,59.100.35.191,GB69QMCV5221167095494,2025-06-18 17:29:13,3149,26,352,1622535,7109eb63-373f-43e0-91ec-88686dd6d422
Linda Vela,lindavela,lindavela@hotmail.com,21416696330,2017-02-06,"Andador Sur Mercado 554 Edif. 283 , Depto. 289, San Aurelio los bajos, OAX 94892",421-738-1865x885,8e:56:82:8c:a4:e9,181.235.107.55,GB80UWNF5328645089689,2025-06-18 17:29:13,30969,759,89,958229,03aad501-0890-4943-91da-a10721f8554a
Jacinto Corral,jacintocorral,jacintocorral@hotmail.com,75510282272,1931-04-10,"Boulevard Segovia 550 Interior 472, San Gabriela los altos, BC 11678",(686)554-7505,6a:ac:f3:87:1c:a6,204.25.197.247,GB12TPDK5464808667165,2025-06-18 17:29:13,35159,845,126,813862,6c0396db-cef3-433f-9762-60f19d5d6b80
Lic. Nayeli Partida,lic.nayelipartida,lic.nayelipartida@yahoo.com,90290467118,1953-09-03,"Eje vial Rivas 278 Interior 186, San Micaela los bajos, VER 79407",135.537.2697,90:e4:26:7e:31:c0,5.69.176.113,GB03WCID6610259716065,2025-06-18 17:29:13,18483,63,41,687518,8b784357-70c6-4389-ab75-17881916a183
Gabriela Benavídez Jaimes,gabrielabenavídezjaimes,gabrielabenavídezjaimes@yahoo.com,89835590616,1946-03-21,"Circunvalación Norte Sarabia 561 102, Vieja Bulgaria, COL 22966-5461",06727796792,f0:10:6f:39:87:8b,112.225.64.250,GB31IKOH7657459045801,2025-06-18 17:29:13,16343,536,551,1473170,a6760e77-584a-416d-b061-a10488a8ec90
Mayte Ávalos Salazar,mayteávalossalazar,mayteávalossalazar@yahoo.com,99179480373,1997-12-29,"Circunvalación Sur Lerma 615 297, Vieja Sudán, CHIS 60576",(232)848-6750,9e:d6:18:f6:49:1e,15.140.42.38,GB76XWBL4923982604081,2025-06-18 17:29:13,6115,263,491,670025,13311840-26fd-472f-84b3-87a3b7e3a0d6
Mtro. Pascual Arriaga,mtro.pascualarriaga,mtro.pascualarriaga@gmail.com,35113605360,1991-09-19,"Calle Veracruz de Ignacio de la Llave 779 Edif. 985 , Depto. 954, Vieja Comoras, DGO 26180-7065",1-007-415-3371x681,36:62:b4:67:11:6e,213.116.107.53,GB04EPWI1129587870730,2025-06-18 17:29:13,4033,486,497,454794,ab6c278e-18e3-4216-99ed-1c0ab9ea98cf
Esteban Evelio Otero Lucero,estebaneveliooterolucero,estebaneveliooterolucero@hotmail.com,15666748148,1931-03-08,"Calle Sierra Leona 646 366, Vieja Bosnia y Herzegovina, CHIS 11199-8356",+78(2)3962843866,4c:b4:8a:f5:99:81,34.243.12.143,GB39MXMO5090469651717,2025-06-18 17:29:13,11620,669,618,298608,91d29a67-d1b8-4a40-b01d-4c5a9bd0a1b8
Mauro Salinas,maurosalinas,maurosalinas@gmail.com,53195923171,1961-04-26,"Prolongación Acuña 230 219, Nueva Mauritania, MICH 93058-7709",813-037-2141x2899,54:c3:41:3c:db:55,90.59.205.30,GB88DLTZ1313219262235,2025-06-18 17:29:13,1824,472,160,911312,e6954790-8d15-4c32-9148-82639840caa8
Abril Pascual Mena,abrilpascualmena,abrilpascualmena@gmail.com,5766173552,1975-03-24,"Calle Espinoza 277 Edif. 822 , Depto. 306, San Benito los altos, GTO 56330-3834",380-574-0050x18237,08:fd:3e:d8:7b:04,190.242.22.180,GB49CHXF6406253407694,2025-06-18 17:29:13,23406,392,552,232782,d894895d-08a0-4c28-8c1e-68f0377f8e3f
Eugenia Quesada Montemayor,eugeniaquesadamontemayor,eugeniaquesadamontemayor@hotmail.com,5274717825,2021-05-17,"Circuito Sur Guzmán 693 Interior 532, San Noelia de la Montaña, ZAC 22677-3823",604.669.8574,bc:37:8d:34:84:ab,55.24.127.123,GB34HHJQ7782720233327,2025-06-18 17:29:13,14883,455,101,1571809,9fe1cdc2-57b0-4342-8afa-c7375a5422be
Ariadna Salas,ariadnasalas,ariadnasalas@hotmail.com,31162544246,1976-12-30,"Ampliación Serrato 092 Interior 352, San Agustín los bajos, BCS 43772",984.453.2372,9e:12:65:01:8c:79,18.175.108.35,GB45KSDW1101868633411,2025-06-18 17:29:13,34690,149,122,308314,18655dd0-229c-41be-b860-0e6ca9025100
Jorge Luis Benavides,jorgeluisbenavides,jorgeluisbenavides@yahoo.com,91399047892,1995-09-11,"Callejón Distrito Federal 981 Interior 493, Nueva Albania, SIN 72273-6975",384.802.0859,18:90:35:68:73:e8,107.149.192.201,GB27CEOF2611774727854,2025-06-18 17:29:13,15340,806,568,1230435,3a0a3896-129a-4da8-9398-27dcdd445cf8
Hugo Angélica Lemus,hugoangélicalemus,hugoangélicalemus@gmail.com,47477731922,1957-08-09,"Pasaje Norte Ríos 295 Interior 009, Vieja Nigeria, GRO 58048",(235)286-1788x01631,06:ab:0b:98:87:9a,157.151.162.148,GB31VFXE2027215974798,2025-06-18 17:29:13,12919,873,429,231214,fdc038eb-ec7f-48e2-86a6-fe0bcc7808e1
Francisco Cristobal Trejo,franciscocristobaltrejo,franciscocristobaltrejo@hotmail.com,21743181758,1974-12-27,"Avenida Sur Bétancourt 584 Interior 571, San Georgina de la Montaña, AGS 53548-5701",+39(1)7596800903,f8:5e:62:e2:15:34,155.173.78.177,GB64ZYIZ9844858008143,2025-06-18 17:29:13,5513,851,196,1158763,4d50ab52-64b6-4929-9095-33db829ad6da
Gabino Arturo Ortiz,gabinoarturoortiz,gabinoarturoortiz@yahoo.com,92979670434,1959-01-18,"Cerrada Vera 088 783, San Vanesa los altos, DGO 78748-1302",751-809-4254,aa:d1:13:ca:0a:08,70.224.252.39,GB21RFMG4733930543229,2025-06-18 17:29:13,22338,817,587,1735328,863a7d2b-9b1f-4b74-a0ad-2293c2ae3537
Sonia Amanda Merino Valenzuela,soniaamandamerinovalenzuela,soniaamandamerinovalenzuela@hotmail.com,38734038805,2011-09-19,"Calzada Japón 070 Edif. 677 , Depto. 712, San Elena los bajos, NL 31579-7201",(650)907-3256,b6:29:19:62:b8:61,122.37.254.148,GB89MYTP9360758514150,2025-06-18 17:29:13,13277,42,183,1311406,bde7c6ce-ac01-42ce-a0fd-3b91200d1efb
Aldo Pascual López Olivas,aldopascuallópezolivas,aldopascuallópezolivas@gmail.com,64265348041,1972-01-14,"Andador República Democrática Popular Lao 458 614, Nueva Eritrea, NL 70256-4607",(168)047-6324x45963,88:57:43:f7:cc:65,5.138.31.13,GB85IXTM4896388273686,2025-06-18 17:29:13,1949,147,282,1024319,3d50c726-4fda-414c-ba48-13e0694c0ad0
Lic. Rodrigo Chavarría,lic.rodrigochavarría,lic.rodrigochavarría@yahoo.com,99033350994,1939-09-03,"Corredor Santa Lucía 686 805, Nueva Guinea Bissau, QRO 14271",1-228-085-8092x0057,de:2a:47:59:b4:fd,103.108.2.249,GB63WFUB5792546825313,2025-06-18 17:29:13,9924,747,649,604589,d4d98927-1898-4255-b74c-5702478cb99c
Ruby Garibay Lozada,rubygaribaylozada,rubygaribaylozada@hotmail.com,49674936395,2002-07-15,"Calzada Sur Tejeda 488 280, Vieja Argelia, TLAX 42841",+83(0)8319062958,fc:07:23:e8:0c:0f,121.72.110.48,GB48LHLT6161854667615,2025-06-18 17:29:13,5347,978,187,348992,0b6bbfa1-4ec5-400b-b87f-51eb72825a40
